_id,name,description,images[0],images[1],images[2],images[3],images[4],images[5],brand,price,oldPrice,catName,catId,subCatId,subCat,subCatName,category,countInStock,rating,isFeatured,discount,dateCreated,__v,nutrition
674054d5e61843c594725d88,Viên uống vitamin E DHC Natural Vitamin E (Soybean),"Giúp bảo vệ da khỏi ô nhiễm môi trường.\n\nGiúp chữa lành vết thương, khiến vết thương mau lành.\n\nCác đối tượng đặc biệt như trẻ nhỏ, phụ nữ mang thai hoặc đang cho con bú nên tham khảo ý kiến bác sĩ trước khi sử dụng.",https://res.cloudinary.com/dk0hrho2u/image/upload/v1732269328/1732269327818_1849c1c58bdd27f56ff0e8ede64d8226.jpg.webp,https://res.cloudinary.com/dk0hrho2u/image/upload/v1732269335/1732269334990_ec23a656f23283aa855051b8188f255f.jpg.webp,https://res.cloudinary.com/dk0hrho2u/image/upload/v1732269341/1732269340411_fd7ea3ae6f4bfefc0d7a1ee478d89fb6.jpg.webp,https://res.cloudinary.com/dk0hrho2u/image/upload/v1732269346/1732269345699_869ae1150fb6af04f76fee8dbdabf25f.jpg.webp,,,DHC,155000,175000,Thực phẩm bổ sung,673680ac9a93123a7a3668ec,,,,673680ac9a93123a7a3668ec,100,0,true,10,2024-11-22T09:54:29.687Z,0,Vitamin E
6740556be61843c594725dc0,Viên Uống Vitamin Tổng Hợp DHC Multi Vitamin 90 Ngày,"DHC Multi Vitamins giúp bổ sung các vitamin thiết yếu như β-carotene, B1, B2, B6, B12, C, D, E, acid folic, acid panthonenate, niacin, biotin. Các thành phần được kết hợp với tỷ lệ cân bằng và hợp lý nhất giúp nâng cao sức khỏe hệ miễn dịch và hỗ trợ duy trì một sức khỏe dẻo dai. Các thành phần trong sản phẩm sau khi đi vào cơ thể sẽ tham gia vào quá trình chuyển hóa giúp cơ thể phát triển toàn diện, hỗ trợ giảm suy nhược cơ thể, giảm nguy cơ mắc bệnh vặt cũng như các bệnh lý liên quan đến hệ tim mạch, thần kinh, xương khớp và tiêu hóa.",https://res.cloudinary.com/dk0hrho2u/image/upload/v1732269414/1732269411722_aef0e13250b9479b1f73290e1e45d1ee.jpg.webp,,,,,,DHC,275000,310000,Thực phẩm bổ sung,673680ac9a93123a7a3668ec,,,,673680ac9a93123a7a3668ec,100,0,true,10,2024-11-22T09:56:59.973Z,0,"Vitamin C, Beta Carotene, Vitamin E, Enzyme-modified Rutin, Niacin, Vitamin B2, Vitamin B1, Vitamin D3, Vitamin B6, Vitamin B12, Biotin, Folic Acid, Vitamin P, Pantothenic Acid."
674065d6347c09c59cbb402a,Viên Uống Bổ Sung Vitamin C DHC Nhật Bản 120 Viên,"Viên bổ sung vitamin C - DHC Nhật Bản bổ sung vitamin C, vitamin B2 giúp hỗ trợ sức khỏe, giảm cholesterol, tăng sức đề kháng cho cơ thể, phòng chống các bệnh mãn tính đối với người ăn uống thiếu chất, những người thường xuyên bị căng thẳng từ công việc, người hay uống nhiều bia rượu, thuốc lá. Sản phẩm phù hợp cho mọi lứa tuổi, gói 120 viên dùng trong 60 ngày.",https://res.cloudinary.com/dk0hrho2u/image/upload/v1732273622/1732273618160_ae010f46766fe6bd172f8137beb96285.jpg.webp,,,,,,DHC,265000,275000,Thực phẩm bổ sung,673680ac9a93123a7a3668ec,,,,673680ac9a93123a7a3668ec,100,0,true,5,2024-11-22T11:07:02.604Z,0,"Vitamin C, Vitamin B2"
67407302d80adc0207bdeb97,Viên Uống Bổ Sung Vitamin C Blackmores Bio C 1000mg Lọ 31 Viên,"Viên Uống Blackmores Bổ Sung Vitamin C Bio C 1000mg là giải pháp lý tưởng bổ sung vitamin C hàm lượng cao, giúp bảo vệ sức khỏe. Sản phẩm có công thức muối đệm ascorbate tạo sự dịu nhẹ với dạ dày và chiết xuất citrus bioflavonoid giúp tăng cường hấp thu vitamin C. Không chỉ hỗ trợ hệ miễn dịch, viên uống còn hỗ trợ giảm nhẹ các triệu chứng cảm cúm, chống lại các tổn thương do gốc tự do và hỗ trợ mau liền vết thương….\n",https://res.cloudinary.com/dk0hrho2u/image/upload/v1732276985/1732276980480_c8bba35d28d9fdd1ec0efe891c006e3a.png.webp,https://res.cloudinary.com/dk0hrho2u/image/upload/v1732276990/1732276988385_a4c1b8709ee74c9e970dbb23b67fe982.png.webp,https://res.cloudinary.com/dk0hrho2u/image/upload/v1732276993/1732276992003_6c539816c7fb3564d9fb0a76e2b6905c.png.webp,,,,Blackmores,294000,338000,Vitamin và khoáng chất,673680ac9a93123a7a3668ec,,,,673680ac9a93123a7a3668ec,20,0,true,13,2024-11-22T12:03:14.707Z,0,"Sour Cherry Extract, Orange Extract, Lemon Extract, Grapefruit Extract, Rosehip Extract, Hesperidin, Rutin, Vitamin C."
6740746237c34e760e8c181e,"Vitamin C Kirkland Signature Mỹ Tăng cường sức đề kháng, Sáng da, làm chậm quá trình lão hóa, nhanh lành vết thương - OZ Slim Store","       - Vitamin C Mỹ Kirkland Signature rất hữu ích để bổ sung Vitamin C và hỗ trợ duy trì sức khỏe chung. Nó cũng giúp tăng cường sự hình thành collagen, duy trì sức khỏe và tăng chức năng của hệ thống miễn dịch, đồng thời bảo vệ cơ thể khỏi tác động xấu của các gốc tự do.\n\n       - Kirkland Signature thành lập vào năm 1995 và hiện là một trong những thương hiệu nổi tiếng về thực phẩm chức năng từ thiên nhiên để chăm sóc sức khỏe với chất lượng và giá cả phù hợp. Tất cả các sản phẩm đều được cấp xác nhận đạt chât lượng sử dụng của Hội đồng Dược điển Mỹ (USP).",https://res.cloudinary.com/dk0hrho2u/image/upload/v1732277331/1732277328486_6c539816c7fb3564d9fb0a76e2b6905c.png.webp,https://res.cloudinary.com/dk0hrho2u/image/upload/v1732277340/1732277337322_7acdec42bb0e8ac320b96284a9153836.jpg.webp,https://res.cloudinary.com/dk0hrho2u/image/upload/v1732277341/1732277337323_452727b31e85678817a8717cf3495519.jpg.webp,,,,Kirkland,590000,11800000,Vitamin và khoáng chất,673680ac9a93123a7a3668ec,,,,673680ac9a93123a7a3668ec,20,0,true,50,2024-11-22T12:09:06.592Z,0,"Vitamin C 1000 mg, Chus Bioflavonoid Complex (Citrus sp.) (Fruit) 100 mg 10% (10 mg) Hesperidin and Rutin, Ascorbic Acid, Microcrystalline Cellulose (Plant Origin), Maltodextrin, Croscarmellose Sodium, Bioflavonoid Complex, Vegetable Magnesium Stearate, Organic Guar Gum, Organic Pectin, Sunflower Lecithin."
6740752937c34e760e8c1834,Viên uống bổ sung canxi hữu cơ cho bà bầu và mọi lứa tuổi Green Calcium Olympian Labs 100 viên,"Bổ sung canxi hữu cơ mát cho bà bầu, dễ hấp thụ, không táo bón, không nóng trong, không gây sỏi thận.\nGiảm đau lưng, đau mỏi xương khớp do thiếu canxi trong suốt thai kỳ.\nGiảm tình trạng chuột rút, tê bì tay chân ở bà bầu.\nCung cấp canxi cho thai nhi phát triển, phòng ngừa dị dạng xương, suy dinh dưỡng.\nGiảm nguy cơ tiền sản giật và sinh non cho mẹ bầu.\nBổ sung canxi cho mẹ sau sinh phòng loãng xương và đảm bảo chất lượng sữa cho con bú.",https://res.cloudinary.com/dk0hrho2u/image/upload/v1732277496/1732277493388_d4887f3b60f4af64bd3c7dabad043bb0.jpg.webp,https://res.cloudinary.com/dk0hrho2u/image/upload/v1732277532/1732277529166_6af118f41efbbbd70723c183861ebddb.jpg.webp,https://res.cloudinary.com/dk0hrho2u/image/upload/v1732277533/1732277529168_3649425a46c8ad16bfecfd1bb51f228c.jpg.webp,,,,Olympian Labs,448000,580000,Vitamin và khoáng chất,673680ac9a93123a7a3668ec,,,,673680ac9a93123a7a3668ec,20,0,true,23,2024-11-22T12:12:25.902Z,0,Canxi
67407d0685350f5e8246f3cc,"Men vi sinh bào tử lợi khuẩn MenSporeX Viphar giảm rối loạn tiêu hoá, con ăn ngon, tăng cân, lọ 10ml","Men vi sinh cho bé dùng được từ sơ sinh, mỗi lọ 10ml MenSporeX chứa 60 tỷ bào tử lợi khuẩn hỗ trợ hệ tiêu hoá:\n- Cải thiện nôn trớ, biếng ăn, giúp bé ăn ngon, tăng cân, tăng đề kháng.\n- Giảm táo bón, tiêu chảy, đầy bụng, phân sống, rối loạn tiêu hoá do loạn khuẩn đường ruột.",https://res.cloudinary.com/dk0hrho2u/image/upload/v1732279534/1732279531213_1141bbb0cf6713c55cc45863426a58e2.jpg.webp,https://res.cloudinary.com/dk0hrho2u/image/upload/v1732279541/1732279538766_937ec65cb2fe16ba7749abe6e9e0251d.jpg.webp,https://res.cloudinary.com/dk0hrho2u/image/upload/v1732279543/1732279538767_dc6dcfa85ac61b77557f34d21f5660bc.jpg.webp,https://res.cloudinary.com/dk0hrho2u/image/upload/v1732279544/1732279538768_0b6f995d2db6d65b70f94fe42cd5209e.jpg.webp,https://res.cloudinary.com/dk0hrho2u/image/upload/v1732279546/1732279538770_1c87c1c2237da0f28585f1e61d43ebfd.jpg.webp,,Viphar ,175000,239000,Hỗ trợ tiêu hóa,673681b99a93123a7a36691f,,,,673681b99a93123a7a36691f,100,0,true,27,2024-11-22T12:45:58.952Z,0,"Bacillus Clausii, Bacillus Coagulans, Bacillus Subtilis"
67407dda85350f5e8246f3e2,"Bình vị Thái Minh- Giảm viêm loét dạ dày, trào ngược dạ dày, thực quản ","Bình Vị Thái Minh hỗ trợ giảm acid dịch vị, giúp bảo vệ niêm mạc dạ dày. Hỗ trợ cải thiện và giảm thiểu các biểu hiện của viêm loét dạ dày.",https://res.cloudinary.com/dk0hrho2u/image/upload/v1732279741/1732279738411_664434c830d463c2640fb6d53b9d9278.png.webp,https://res.cloudinary.com/dk0hrho2u/image/upload/v1732279745/1732279743510_dded779b0c5dc71d67acdf7c26aa9447.jpg.webp,https://res.cloudinary.com/dk0hrho2u/image/upload/v1732279746/1732279743511_36e498b0e0b4a2d972086de250c8dbc4.jpg.webp,,,,DP Thái Minh,600000,738000,Hỗ trợ tiêu hóa,673681b99a93123a7a36691f,,,,673681b99a93123a7a36691f,100,0,true,23,2024-11-22T12:49:30.609Z,0,"Oroxylum indicum, Atractylodes lancea, Zinc Gluconate, Giganosin, Mucosave"
67407ebf85350f5e8246f409,"Hỗ trợ bé ăn ngon, tăng đề kháng - Men vi sinh cho bé Bifina Baby Nhật Bản- Hộp 30 gói",Bổ sung lợi khuẩn\nGiúp hệ vi sinh đường ruột khỏe mạnh\nHỗ trợ tiêu hóa\nTăng cường sức đề kháng.,https://res.cloudinary.com/dk0hrho2u/image/upload/v1732279987/1732279984336_268b3783afb22f653da7bc23f1eb44df.jpg.webp,https://res.cloudinary.com/dk0hrho2u/image/upload/v1732279991/1732279990002_4897fb5a9f7a79c8103c690db76d22d6.jpg.webp,https://res.cloudinary.com/dk0hrho2u/image/upload/v1732279992/1732279990002_a41c31a205e808e625942f086ec888fc.jpg.webp,https://res.cloudinary.com/dk0hrho2u/image/upload/v1732279993/1732279990004_3f77c5836694bc0d820a3ecb08137b8e.jpg.webp,,,Bifina,468000,767000,Vitamin và khoáng chất,673680ac9a93123a7a3668ec,,,,673680ac9a93123a7a3668ec,100,0,true,39,2024-11-22T12:53:19.187Z,0,"Bifidobacterium breve, Dextrin, Starch"
6740824e85350f5e8246f478,Viên bổ sung vitamin tổng hợp và khoáng chất Multivit Daglig hỗ trợ tăng cường sức đề kháng lọ 180 viên,"Multivit Daglig được nghiên cứu bởi những chuyên gia y tế hàng đầu và nhập khẩu hoàn toàn từ Na Uy. Các vitamin và khoáng chất trong sản phẩm đều chiết xuất từ trái cây và rau củ xanh sạch, nuôi trồng với công nghệ tiên tiến ở Bắc Âu đảm bảo giữ nguyên giá trị dinh dưỡng tự nhiên.\n\nTỉ lệ thành phần phân chia theo công thức độc quyền, hàm lượng phù hợp nhu cầu của mỗi người và dễ dàng để cơ thể hấp thu hiệu quả.\n\nMultivit Daglig là sản phẩm của Pharmatech (Na Uy), 1 trong 3 công ty dược phẩm hàng đầu châu Âu với hơn 30 năm phát triển, đã khẳng định được chất lượng trên trường quốc tế. Sản phẩm chức năng của Pharmatech đều đạt các tiêu chuẩn khắt khe của quốc tế như:\n\n- Chứng nhận an toàn thực phẩm của FDA Hoa Kỳ\n- Chứng nhận an toàn thực phẩm của Mattilsynet Na Uy\n- Tiêu chuẩn chất lượng Châu Âu EU\n- Chứng nhận Debio\n- Chứng nhận MSC",https://res.cloudinary.com/dk0hrho2u/image/upload/v1732280876/1732280872939_multivit_daglig_pharmatech_180v_2_b23e7d0385.webp,,,,,, Pharmatech,539000,990000,Vitamin và khoáng chất,673680ac9a93123a7a3668ec,,,,673680ac9a93123a7a3668ec,100,0,true,46,2024-11-22T13:08:30.398Z,0,"Vitamin E, Vitamin B3 (Niacin), Vitamin B5 (Pantothenic Acid), Vitamin B6 (Pyridoxine), Vitamin B2 (Riboflavin), Vitamin B1 (Thiamine), Vitamin K1, Vitamin D3, Vitamin B12 (Cobalamin), Vitamin B7 (Biotin), Zinc, Manganese, Copper Sulfate, Potassium Iodide, Selenium, Molybdenum (as Sodium), Chromium, Vitamin B9 (Folic Acid), Vitamin C"
6740834485350f5e8246f48d,Viên uống Bổ sung Kẽm DHC Zinc,"DHC Zinc là viên uống chứa các thành phần từ thiên nhiên vô cùng lành tính giúp bổ sung lượng kẽm cần thiết cho cơ thể. Sản phẩm có thiết kế túi khóa zip bảo quản tiện lợi, kết cấu dạng viên nhộng nhỏ, dễ dàng sử dụng.",https://res.cloudinary.com/dk0hrho2u/image/upload/v1732281147/1732281144222_821d63406b55fd053d670b8b94a8f42d.jpg.webp,https://res.cloudinary.com/dk0hrho2u/image/upload/v1732281154/1732281151974_3a13e1b76e238d330b39995a44dfacc9.jpg.webp,https://res.cloudinary.com/dk0hrho2u/image/upload/v1732281156/1732281151974_b8e71c7f5e1ff3ffa2709b392277b27e.jpg.webp,,,,DHC,169000,240000,Vitamin và khoáng chất,673680ac9a93123a7a3668ec,,,,673680ac9a93123a7a3668ec,100,0,true,42,2024-11-22T13:12:36.614Z,0,Zinc
674087dfc6b1ae741da90e4a,"Men vi sinh Bifina Nhật Bản- Loại R 60 gói - Hỗ trợ thải độc đại tràng, không dùng cà phê","Thải độc ruột là làm sạch hệ thống đường ruột bao gồm ruột non và ruột già (đại tràng). Tuy nhiên, thải độc ruột chủ yếu là ở phần đại tràng, vì các chất độc hàng ngày đưa vào cơ thể: từ thức ăn, hóa chất trong nguồn nước uống, dư lượng thuốc trừ sâu và phân bón từ rau củ quả, mỹ phẩm chứa hóa chất, thuốc kháng sinh hay thực phẩm chứa chất bảo quản,… đều dồn xuống đại tràng.\n\nNhưng lượng lợi khuẩn ở đại tràng ko đủ sẽ ko dọn dẹp kịp. Các chất độc này có cơ hội ngấm ngược vào máu, làm cho gan và thận xử lý 1 lần nữa, dẫn đến cơ thể bị nhiễm độc toàn bộ và gây mệt mỏi, lờ đờ, uể oải dễ bị ốm, dễ bị virut - vi khuẩn tấn công, dễ mắc các bệnh truyền nhiễm.\n\nVì vậy, có 1 hệ lợi khuẩn khỏe mạnh giúp đào thải và phân hủy các độc tố ở đại tràng là vô cùng quan trọng. Do đó thải độc ruột quan trọng nhất là phần thải độc đại tràng, nếu đại tràng không được dọn dẹp sạch sẽ thường xuyên sẽ làm cơ thể yếu dần, hệ miễn dịch suy giảm, gan thận yếu dần, biểu hiện là người lờ đờ, mệt mỏi, da xanh nhợt, không có sức bền, tập thể dục hoặc lao động nhanh mệt.\n\nViệc thải độc đại tràng từ lâu đã được đông y biết đến, những phương pháp cổ truyền đã được áp dụng như rửa sạch hết chất thải ở đại tràng, thải độc bằng các phương pháp vật lý thông thường như: cà phê, nước muối đã được sử dụng lâu năm... \n\nƯu điểm của những phương pháp này là dễ rửa trôi các chất cặn bã, độc hại tích tụ lâu ngày ở đại tràng, nhưng đồng thời cũng có nhiều rủi ro. Vì khi súc rửa sẽ làm trôi luôn lợi khuẩn nên làm mất cân bằng hệ vi sinh vật đường ruột, rất dễ bị rối loạn tiêu hóa và cần thời gian để bù đắp lợi khuẩn cho đường ruột. Đặc biệt, còn dẫn đến nhiều rủi ro như mất nước, mất cân bằng chất điện giải, ảnh hưởng đến khả năng đi vệ sinh, thụt rửa nhiều làm viêm bỏng thành niêm mạc bên trong ruột, có thể dẫn đến hoại tử ruột.",https://res.cloudinary.com/dk0hrho2u/image/upload/v1732282318/1732282315015_9c3ea369594d2601cfbde5c904600300.jpg_1.webp,https://res.cloudinary.com/dk0hrho2u/image/upload/v1732282333/1732282330721_6e9dbada5487931f4364ac66ae4c7ecb.jpg.webp,https://res.cloudinary.com/dk0hrho2u/image/upload/v1732282334/1732282330721_c3bb141b0b5f1c126c06972137514beb.jpg.webp,https://res.cloudinary.com/dk0hrho2u/image/upload/v1732282335/1732282330722_0e6225f263ee6acf368fa820c3a7d448.jpg.webp,,,Bifina ,996000,1195000,Hỗ trợ tiêu hóa,673681b99a93123a7a36691f,,,,673681b99a93123a7a36691f,100,0,true,20,2024-11-22T13:32:15.913Z,0,"Lactobacilus, Bifidobacterium"
6740887dc6b1ae741da90e80,"Gói uống OSA-GASTRO giải quyết viêm loét dạ dày, tá tràng toàn diện - 1 Hộp 20 gói x 15ml","OSA GASTRO là một sản phẩm thiên nhiên được phát triển để hỗ trợ chữa trị viêm loét dạ dày và tá tràng ở người lớn. Với thành phần tự nhiên đa dạng, OSA GASTRO cung cấp một phương pháp ganzyme toàn diện, hoạt động trên 6 cơ chế khác nhau để giúp làm lành và bảo vệ niêm mạc dạ dày và tá tràng.",https://res.cloudinary.com/dk0hrho2u/image/upload/v1732282459/1732282456550_b71f88d3e15f41518520dd0617cba263.jpg.webp,,,,,,NUTRAMED,220000,290000,Hỗ trợ tiêu hóa,673681b99a93123a7a36691f,,,,673681b99a93123a7a36691f,100,0,true,32,2024-11-22T13:34:53.848Z,0,
674088f1c6b1ae741da90e95,"Men Tiêu Hoá Dạng Viên BIODILIS  Vinaphar - Hộp 100 viên- Bổ sung lợi khuẩn , hỗ trợ tiêu chảy, táo bón, tăng cường hệ tiêu hóa","Biobidilis, giúp cân bằng hệ vi sinh đường ruột, tăng khả năng tiêu thụ và hấp thụ dinh dưỡng, nâng cao sức khỏe, hệ miễn dịch, hỗ trợ  các bệnh lý do rối loạn đường tiêu hóa nên đây chính là biện pháp không thể nào thiếu được dành cho mọi người. Bổ sung lợi khuẩn, tăng cường tiêu hoá",https://res.cloudinary.com/dk0hrho2u/image/upload/v1732282548/1732282545603_c9b4f5dc19eea4d1862ae944ce2b49a7.jpeg.webp,https://res.cloudinary.com/dk0hrho2u/image/upload/v1732282552/1732282550413_7f033c13e1f9c9271d96fa73c38dccb3.jpeg.webp,,,,,Vinaphar,50000,65000,Hỗ trợ tiêu hóa,673681b99a93123a7a36691f,,,,673681b99a93123a7a36691f,100,0,true,30,2024-11-22T13:36:49.457Z,0,"Lactobacillus acidophilus 104-108 CFU/g, Bacillus subtilis 104-108 CFU/g, Zinc (Zn) 3 mg, Excipients (Lactose, Glucose)"
6740896ec6b1ae741da90ea8,Viên Uống Rau Củ DHC Perfect Vegetable Premium,"Viên uống rau củ DHC Perfect Vegetable Premium Nhật Bản bổ sung 32 loại rau xanh, củ quả cung cấp nhiều dưỡng chất cơ bản cần thiết cho cơ thể, dành cho những bạn bận rộn không có thời gian ăn uống đủ chất, hay những bạn ghét và lười ăn rau, tránh được nhiều căn bệnh như nóng người, nổi mụn, táo bón… Thành phần viên uống dhc rau củ Nhật Bản gồm Cellulose, glycerin axit béo và este, silicon Cà rốt, cà chua, bí ngô, bắp, khoai lang, bắp cải, măng tây; lá củ cải, củ sen và lúa mạch, cải xoăn, hành tây, bí ngô, ngô ngọt, khoai lang tím; tía tô đỏ, rau bina, lá củ cải, hoa sen gốc; Nozawana, bok-choy, cải bắp Trung Quốc; bột rau, hành lá, tỏi, gừng, rau mùi tây, cây ngưu bàng, bông cải xanh; cần tây, lá, mướp đắng, ngải cứu, cỏ linh lăng, đậu xanh, măng tây, tía tô…",https://res.cloudinary.com/dk0hrho2u/image/upload/v1732282733/1732282730430_91820495482399a03381b9e5c223b03f.png.webp,,,,,,DHC,130000,156000,Hỗ trợ tiêu hóa,673681b99a93123a7a36691f,,,,673681b99a93123a7a36691f,100,0,true,20,2024-11-22T13:38:54.558Z,0,"Fruit, Cellulose, glycerin fatty acids and esters, silicon, Carrot, Tomato, Pumpkin, Corn, Sweet Potato, Cabbage, Asparagus, Radish leaves, Lotus root, Barley, Kale, Onion, Squash, Sweet Corn, Purple Sweet Potato, Red Perilla, Spinach, Radish leaves, Lotus flower root, Nozawana, Bok-choy, Chinese cabbage, Vegetable powder, Spring onion, Garlic, Ginger, Parsley, Burdock, Broccoli, Celery, Leaves, Bitter melon, Mugwort, Alfalfa, Green beans, Asparagus, Red Perilla..."
674089edc6b1ae741da90ebc,Kẹo chống đầy hơi Kirkland Signature Ultra Strength Antacid Calcium 1000mg 265 viên,"Kirkland Antacid có tên đầy đủ là Kirkland Signature Ultra Strength Antacid Calcium Carbonate 1000mg. Đây là sản phẩm của Kirkland – một thương hiệu chuyên nghiên cứu và phát triển các thực phẩm chức năng của tập đoàn Costco Wholesale, Mỹ.\n\nKirkland Ultra Strength Antacid có chức năng hỗ trợ dạ dày, giảm lượng axit, giảm ợ chua, ợ nóng, khó tiêu. Sản phẩm được sản xuất dưới dạng viên nén, hương vị trái cây. Hiện tại, sản phẩm được đóng gói theo dạng chai, mỗi chai chứa 265 viên.",https://res.cloudinary.com/dk0hrho2u/image/upload/v1732282859/1732282856723_45d43aa13a99b99bdee5b3d65ffcd988.jpg.webp,https://res.cloudinary.com/dk0hrho2u/image/upload/v1732282860/1732282856724_ea96c31d5544a7d683afb53ed9b95781.jpeg.webp,,,,,Kirkland ,260000,260000,Hỗ trợ tiêu hóa,673681b99a93123a7a36691f,,,,673681b99a93123a7a36691f,100,0,true,13,2024-11-22T13:41:01.017Z,0,Canxi
67408a74c6b1ae741da90ece,Men tiêu hóa Lactobacillus Mediphar Hộp 30 gói x 3g - Hỗ trợ làm giảm rối loạn tiêu hóa do loạn khuẩn đường ruột,Tác dụng của nhóm lợi khuẩn Lactobacillus đối với cơ thể\nLactobacillus acidophilus và Lactobacillus rhamnosus là vi khuẩn có lợi cho đường tiêu hóa nhờ cơ chế cạnh tranh với các vi khuẩn gây bệnh. Chúng sẽ góp phần vào việc cản trở các tác nhân gây bệnh bám vào thành ruột từ đó trung hòa các độc tố vi khuẩn và làm giảm các nguy cơ mắc một số bệnh tiêu hóa như tiêu chảy và táo bón.,https://res.cloudinary.com/dk0hrho2u/image/upload/v1732282996/1732282993828_2c9f80deb85f4006488747c2e9146b55.jpg.webp,,,,,,mediphar,95000,105000,Hỗ trợ tiêu hóa,673681b99a93123a7a36691f,,,,673681b99a93123a7a36691f,100,0,true,10,2024-11-22T13:43:16.943Z,0,"Lactobacillus acidophilus 6-10^8 CFU, Lactobacillus 10^6-10^8 CFU, Bifidobacterium longum 10^6-10^8 CFU, Vitamin B1, Vitamin B2, Vitamin C, Vitamin PP, Excipients: Lactose, Manitol, Milk flavor"
67408bc8c6b1ae741da90ee0,Hồng Sâm Lát Tẩm Mật Ong 200g Deadong,"Hồng sâm tẩm mật ong hộp 200g (thái lát) của Daedong được thiết kế ấn tượng – tinh tế. Với hương vị thanh tao hòa quyện giữa hồng sâm và mật ong, sản phẩm có lượng dưỡng chất dồi dào, mang đến nhiều công dụng trong hỗ trợ – bảo vệ sức khỏe.",https://res.cloudinary.com/dk0hrho2u/image/upload/v1732283335/1732283332623_9108f3719c9908914c96938906eee42b.png.webp,,,,,,Deadong,810000,900000,Thảo mộc & Thảo dược,673681789a93123a7a366915,,,,673681789a93123a7a366915,100,0,true,10,2024-11-22T13:48:56.066Z,0,"Red Ginseng 50%, Refined Sugar, Liquid Fructose, Liquid Honey 5%"
67408c9dc6b1ae741da90f10,"Tinh bột nghệ nguyên chất Beemo - Đắp mặt, hỗ trợ điều trị dạ dày đau bao tử, làm viên tinh nghệ mật ong","Tinh bột nghệ đỏ là thành phẩm từ củ nghệ tươi, sau khi trải qua quá trình tách lọc, loại bỏ tạp chất, thì đem xay nhuyễn thành bột. Sau đó nghệ được lắng đọng, chưng cất và tách tinh dầu nhiều lần thì sẽ thu được tinh bột nghệ nguyên chất, đảm bảo có chứa hàm lượng curcumin cao. Sau khi đem sấy khô, tinh bột nghệ đỏ sẽ có dạng cục, tiếp đến là nghiền mịn chúng nhiều lần để thu được tinh bột nghệ thật mịn và nhuyễn.",https://res.cloudinary.com/dk0hrho2u/image/upload/v1732283538/1732283535620_07a049f603b1a1722bb2f5315f7676ca.jpg.webp,,,,,,Beemo,139000,210000,Thực phẩm từ thiên nhiên,673681789a93123a7a366915,,,,673681789a93123a7a366915,100,0,true,34,2024-11-22T13:52:29.308Z,0,Turmeric starch
674090d1185c4aa0ce6ae84b,Mật Ong Hoa Xuyến Chi Honeyland 500Gr,"Giới Thiệu\nMật Ong Hoa HoneyLand là thương hiệu mật ong cao cấp được thu hoạch từ vùng núi rừng Tây Bắc, có mùi thơm dịu nhẹ đặc trưng và hàm lượng dinh dưỡng cao hơn so với bất kỳ sản phẩm nào khác. Mật ong có nhiều công dụng tốt cho sức khỏe, là sản phẩm mà bất kỳ gia đình nào cũng nên có 1 chai để sử dụng\nHoa Xuyến Chi là 1 loại thảo dược chữa được nhiều bệnh có tên khoa học là Bidens Pliosa, thường mọc tự nhiên và nở rộ vào tháng 6 đến tháng 8 ở vùng núi Tây Bắc thuộc tỉnh Hà Giang. Mật ong hoa Xuyến Chi tốt nhất chỉ lấy mật từ những chú ong Ruồi ngoài tự nhiên nên có màu hổ phách cùng hương thơm nhè nhẹ tinh khiết",https://res.cloudinary.com/dk0hrho2u/image/upload/v1732903484/1732903481607_e140825c4cb322b01a8f9ecad77a7746137032c7bc96d717603247c0b8ecb220.jpg,,,,,,Honeyland ,160000,250000,Thực phẩm từ thiên nhiên,673681789a93123a7a366915,,,,673681789a93123a7a366915,100,0,true,,2024-11-22T14:10:25.782Z,0,Honey
674091c1185c4aa0ce6ae860,Tỏi Kim Cương Đông Á - Combo 3 hộp 200g,"Với gần 20 năm kinh nghiệm trong lĩnh vực bảo vệ và chăm sóc sức khỏe,đã nỗ lực hết sức để người dân Việt Nam sớm tiếp cận được với sản phẩm cao cấp tương đương với sản phẩm đang lưu hành tại Nhật Bản – Tỏi Kim Cương Đông Á. Sản phẩm được lên men tự nhiên theo đúng quy trình công nghệ được chuyển giao độc quyền dưới sự giám sát của các chuyên gia đến từ Công ty Nagamine – Nhật Bản. Việc chuyển giao công nghệ được xác nhận bởi Sở Khoa học và Công nghệ Hà Nội thông qua Giấy chứng nhận đăng ký hợp đồng chuyển giao công nghệ số 08/2014/HĐCGCN-SKHCN ngày 10/10/2014. Tỏi Kim Cương Đông Á có vị ngọt thanh, thể chất mềm nhuận, không còn mùi hăng, vị cay khó chịu của tỏi, thơm dịu, vô cùng hấp dẫn. Thông qua sự chuyển hóa các hợp chất tự nhiên, quá trình lên men làm gia tăng giá trị dinh dưỡng, hoạt tính chống oxy hóa cũng như nhiều tác dụng sinh học quý khác của dược liệu.",https://res.cloudinary.com/dk0hrho2u/image/upload/v1732284848/1732284845388_20200226_47Fg1NVaJ2PyxN5gUAkFFrl2.jpg,https://res.cloudinary.com/dk0hrho2u/image/upload/v1732284864/1732284861141_vn-11134207-7r98o-lr5o98jk0pehf9.webp,,,,,Tỏi Kim Cương Đông Á,810000,1025000,Thực phẩm từ thiên nhiên,673681789a93123a7a366915,,,,673681789a93123a7a366915,100,0,true,,2024-11-22T14:14:25.684Z,0,
6740929f185c4aa0ce6ae873,Nhụy Hoa Nghệ Tây Saffron Jahan 1Gr/hộp tặng lọ thủy tinh 300ml,"Saffron Iran được Tổ chức Lương thực và Nông nghiệp Liên Hợp Quốc FAO’s công nhận là loại tốt nhất trên thế giới. Là trung tâm phân phối Saffron lớn nhất Việt Nam, Saffron VIETNAM cam kết mang tới những sản phẩm Saffron Iran chất lượng tốt nhất từ những nhà cung cấp uy tín hàng đầu thế giới.",https://res.cloudinary.com/dk0hrho2u/image/upload/v1732285044/1732285041959_34a799a58b53932c6a548fbcbd27bf6c.jpg.webp,https://res.cloudinary.com/dk0hrho2u/image/upload/v1732285046/1732285041960_417116a833490a107b610077080055a6.jpg.webp,,,,,Saffron Việt Nam,240000,300000,Thực phẩm từ thiên nhiên,673681789a93123a7a366915,,,,673681789a93123a7a366915,100,0,true,,2024-11-22T14:18:07.807Z,0,Saffron 
67409382185c4aa0ce6ae896,Viên uống OTIV bổ não (30 viên),"OTiV là dòng sản phẩm xuất xứ từ Hoa Kỳ, chứa các hoạt chất sinh học quý được tinh chiết từ blueberry. OTiV đem đến tác dụng hỗ trợ nuôi dưỡng và bảo vệ tế bào thần kinh, chống oxy hóa, cải thiện trí nhớ hiệu quả.\n\nOTiV chứa các hoạt chất sinh học quý được tinh chiết từ Blueberry, hỗ trợ: Cải thiện tình trạng thiếu máu não, mất ngủ, đau nửa đầu; giảm nguy cơ tai biến mạch máu não. Cải thiện tình trạng sa sút trí tuệ, suy giảm trí nhớ; giảm stress; cải thiện thính giác và thị giác. Chống oxy hóa, trung hòa gốc tự do, bảo vệ và chống lão hóa tế bào thần kinh.",https://res.cloudinary.com/dk0hrho2u/image/upload/v1732285304/1732285301519_f7ca798a08243ce7ebb68605bd5e6534.png.webp,https://res.cloudinary.com/dk0hrho2u/image/upload/v1732285305/1732285301519_78b09205acb18a1d92f5353bacc678c4.png.webp,,,,,OTiV,330000,370000,Hỗ trợ trí não,67368b0a9a93123a7a3669f0,,,,67368b0a9a93123a7a3669f0,100,0,true,,2024-11-22T14:21:54.286Z,0,"Blueberry, Ginkgo biloba extract"
674093e3185c4aa0ce6ae8ab,Viên Uống Ăn Ngủ Ngon Dân Khang (60 viên),"Ăn Ngủ Ngon Dân Khang là thực phẩm chức năng bảo vệ sức khỏe, bổ trợ các nhóm vitamin và khoáng chất cần thiết cho cơ thể, kết hợp với nhiều thảo dược quý từ thiên nhiên được nhập khẩu trực tiếp từ Châu Âu như: Cao lạc tiên, Cao hoàng kỳ, L-Lysine,... Sản phẩm cũng đã được Bộ y tế chứng nhận và cấp phép, sử dụng cho những người gặp vấn đề với giấc ngủ.",https://res.cloudinary.com/dk0hrho2u/image/upload/v1732285402/1732285399063_862f9fb0299bcfc62b82962fc112a7df.jpg.webp,https://res.cloudinary.com/dk0hrho2u/image/upload/v1732285403/1732285399064_a133fadf00e5b9bfb3101462a007f2c3.jpg.webp,https://res.cloudinary.com/dk0hrho2u/image/upload/v1732285409/1732285407860_862f9fb0299bcfc62b82962fc112a7df.jpg.webp,,,,Dân Khang,171000,290000,Hỗ trợ trí não,67368b0a9a93123a7a3669f0,,,,67368b0a9a93123a7a3669f0,100,0,true,,2024-11-22T14:23:31.424Z,0,"L-Lysine, Magnesium Citrate, Passionflower extract, Astragalus extract, Ginkgo biloba extract, Vitamin B1, Vitamin B2, Vitamin B6, Melatonin."
67409475185c4aa0ce6ae8be,"Dầu cá Omega 3 Fish Oil Mediphar Chai 120 viên - Hỗ trợ tăng cường sức khỏe, giúp bổ não, tốt cho da và mắt, cải thiện trí nhớ, giảm nguy cơ xơ vữa động mạch.","Dầu cá Omega 3 Fish Oil là một acid béo không bão hòa. Tuy nhiên, cơ thể chúng ta không thể tự tạo ra mà chỉ nhận được thông qua chế độ ăn uống hoặc thực phẩm bổ sung. Acid béo omega-3 giữ vai trò cần thiết trong nhiều quá trình hoạt động của cơ thể bao gồm chống viêm, tăng cường thị lực và trí não.",https://res.cloudinary.com/dk0hrho2u/image/upload/v1732285484/1732285481337_805614688af3c88dde55ec3a5a21abf7.png.webp,,,,,,mediphar,150000,200000,Hỗ trợ trí não,67368b0a9a93123a7a3669f0,,,,67368b0a9a93123a7a3669f0,100,0,true,,2024-11-22T14:25:57.702Z,0,"Omega 3, EPA, DHA, Vitamin A, Vitamin E, Coenzyme Q10."
6740955f185c4aa0ce6ae8d0,"Viên uống bổ não BILOBApro Gold giúp tăng cường tuần hoàn và lưu thông máu não, cải thiện hoa mắt, chóng mặt, ù tai, mất ngủ, suy giảm trí nhớ, tê bì tay chân, suy nhược thần kinh - Hộp 100 viên","Giúp tăng cường tuần hoàn và lưu thông máu não, giúp giảm nguy cơ hình thành cục máu đông, cải thiện triệu chứng thiểu năng tuần hoàn não: hoa mắt, chóng mặt, ù tai, mất ngủ, suy giảm trí nhớ, tê bì tay chân. Hỗ trợ cải thiện, hồi phục sau tai biến mạch máu não do tắc mạch.",https://res.cloudinary.com/dk0hrho2u/image/upload/v1732285787/1732285784334_8739ade1c1830ac79d4c5986c90942c6.png.webp,https://res.cloudinary.com/dk0hrho2u/image/upload/v1732285788/1732285784334_9c3d89ce24e1e724ccbb6532c4eec37f.png.webp,https://res.cloudinary.com/dk0hrho2u/image/upload/v1732285789/1732285784335_a07c2d562d5e2bbc71ec1339578af825.jpg.webp,,,,BILOBApro,190000,260000,Hỗ trợ trí não,67368b0a9a93123a7a3669f0,,,,67368b0a9a93123a7a3669f0,100,0,true,,2024-11-22T14:29:51.553Z,0,"Ginkgo Biloba Extract, Purple Butterbur Extract, Garlic Oil, Nattokinase, Magnesium oxide, Thiamine mononitrate, Riboflavin, Pyridoxine hydrochloride, Zinc Gluconate"
6740961b185c4aa0ce6ae8e4,"Bổ não Puritan's Pride Ginkgo Biloba Mỹ tăng lưu thông máu não, giảm đau đầu, tăng trí nhớ, giúp an thần, ngủ khỏe và giảm Stress - OZ Slim Store"," - Giúp giảm các cơn đau đầu liên quan đến tiền đình, chóng mặt, rối loạn cảm xúc, đau đầu do thiếu máu và oxy lên não. Nhờ vào cơ chế thư giãn các động mạch (giãn mạch), tăng tính săn chắc và độ đàn hồi tĩnh mạch từ đó giúp lưu thông tối đa cho mạch máu và vận chuyển năng lượng đến tế bào của não và đến các bộ phận khác trên cơ thể.\n\n       - Cải thiện trí nhớ tốt và sự chú ý.\n\n       - Giúp cải thiện sự nhận thức và tinh thần được minh mẫn hơn.\n\n       - Tuần hoàn lưu thông máu trong não bộ được triệt tiêu sự ứ động, giảm tắc nghẽn các mạch máu não gây nguy cơ giảm trí nhớ ở người già (bệnh Almerma ở người lớn tuổi).\n\n       - Giúp giảm stress cho công việc hàng ngày và những lo âu phiền toái trong cuộc sống.",https://res.cloudinary.com/dk0hrho2u/image/upload/v1732285975/1732285972293_4ee531adf9bed8788f2acb1b5bb2f5f0.jpg.webp,https://res.cloudinary.com/dk0hrho2u/image/upload/v1732285977/1732285972294_c27897a1410a2c86a2cf70124802c1b6.jpg.webp,,,,,Puritan's Pride,642000,871000,Hỗ trợ trí não,67368b0a9a93123a7a3669f0,,,,67368b0a9a93123a7a3669f0,100,0,true,,2024-11-22T14:32:59.873Z,0,Ginkgo Biloba
6740967d185c4aa0ce6ae8f9,"Hoạt Huyết Minh Não Khang Extra Hỗ Trợ Hoạt Huyết, tăng Cường Tuần Hoàn Máu Não Hộp 2 Vỉ x 10 Viên Nang","Hoạt Huyết Minh Não Khang được bào chế từ các dược liệu thuộc nhóm bổ huyết có tác dụng tuần hoàn máu tới các bộ phận của cơ thể, giúp an thần, tạo giấc ngủ sinh lý sâu.\n\n",https://res.cloudinary.com/dk0hrho2u/image/upload/v1732286070/1732286066909_0beffc71c42ad99217f57ed7a8cb96c4.jpg.webp,https://res.cloudinary.com/dk0hrho2u/image/upload/v1732286075/1732286073450_a4e38bf8cd5dbad3f25f8f4d867f76b8.jpg.webp,https://res.cloudinary.com/dk0hrho2u/image/upload/v1732286076/1732286073451_2e4123dcab567917143c42df3878c719.jpg.webp,,,,Dân Khang ,180000,290000,Hỗ trợ trí não,67368b0a9a93123a7a3669f0,,,,67368b0a9a93123a7a3669f0,100,0,true,,2024-11-22T14:34:37.149Z,0,"Passionflower, Semen Malvae, Lotus Seed, Angelica sinensis, Achyranthes bidentata (Root), Rehmannia glutinosa, Magnesium citrate, Vitamin B6."
67409992185c4aa0ce6aeb37,Viên uống bổ não Ginkgo Biloba Healthy Care Úc 2000 (MẪU MỚI 2020) lọ 100 viên,"Viên uống bổ não Healthy Care Ginkgo Biloba 2000mg được chiết xuất từ cây bạch quả - đã được nghiên cứu và chứng minh là có chứa dưỡng chất đặc biệt cần thiết để duy trì và nuôi dưỡng bộ não hoạt động tốt*. Đặc biệt, nó giúp tăng tuần hoàn máu não, cải thiện chứng suy giảm trí nhớ, lú lẫn ở người già, giảm stress cho những người chịu áp lực công việc, giúp an thần, ngủ ngon, giảm tình trạng mỏi chân tay cổ vai gáy do tuần hoàn máu kém,",https://res.cloudinary.com/dk0hrho2u/image/upload/v1732286864/1732286860879_4a47ed101d695bd8abe88ffbd5591d1a.jpg.webp,https://res.cloudinary.com/dk0hrho2u/image/upload/v1732286865/1732286860883_5eb87cb75e5dd749ce1479177fb0fdbe.jpg.webp,,,,,Healthy Care,250000,337000,Hỗ trợ trí não,67368b0a9a93123a7a3669f0,,,,67368b0a9a93123a7a3669f0,100,0,true,35,2024-11-22T14:47:46.725Z,0,Ginkgo Biloba
6740a297712420f2c8862c92,"Viên uống bổ não bổ sung DHA tăng cường trí nhớ, giảm đau đầu, lưu thông máu não","Năng lực ghi nhớ của não bộ giảm dần theo tuổi tác và khi cơ thể không thể tự sản sinh các chất cho não bộ như DHA và EPA thì việc hấp thụ qua thực phẩm tự nhiên và sản phẩm bổ sung là rất cần thiết. Viên uống DHC DHA có chứa hai chất chức năng: DHA và EPA. Cả hai chất này đều là axit béo omega-3 (axit béo N3) được chứng minh có khả năng làm giảm các chất béo trung tính. DHA có công dụng: Giảm chất béo trung tính, duy trì trí nhớ, hỗ trợ cấu tạo não bộ và hệ thần kinh. EPA có công dụng: Giảm chất béo trung tính, chuyển hóa thành DHA.",https://res.cloudinary.com/dk0hrho2u/image/upload/v1732289175/1732289171912_a5326c706e919e524215214844959410.jpeg.webp,,,,,,DHC,315000,425000,Hỗ trợ trí não,67368b0a9a93123a7a3669f0,,,,67368b0a9a93123a7a3669f0,100,0,true,35,2024-11-22T15:26:15.197Z,0,Ginkgo Biloba
6740a331712420f2c8862ca6,Mua 1 Tặng 1 - Ngũ Cốc Ăn Sáng Vị Ngẫu Nhiên 150gr] Ngũ cốc ăn sáng CHEERIOS (Hộp 300g),"Ngũ cốc ăn sáng Nestlé Cheerios là nhãn hiệu Bánh ngũ cốc ăn sáng cho gia đình số 1 tại Mỹ. Sản phẩm kết hợp 4 loại ngũ cốc giàu dinh dưỡng và miếng bánh hình chữ O giòn thơm đặc trưng sẽ cung cấp bữa sáng bổ dưỡng, thơm ngon cho cả gia đình. Với thành phần chủ yếu từ ngũ cốc nguyên cám (43.3%), cung cấp vitamin nhóm B, canxi, chất sắt và chất xơ. Mỗi khẩu phần ngũ cốc ăn sáng Nestlé Cheerios cung cấp 32 % nhu cầu ngũ cốc nguyên cám khuyến nghị hàng ngày. Dùng 1 khẩu phần ngũ cốc Nestlé Cheerios với 125ml sữa tươi và 1 loại trái cây như táo đem lại bữa sáng tiện lợi, giàu dinh dưỡng.",https://res.cloudinary.com/dk0hrho2u/image/upload/v1732289296/1732289293731_4aa267bfdc9dea4f3e6c282daa7f6a96.png.webp,,,,,,CHEERIOS ,95000,129000,Ngũ cốc & Yến mạch,6736812d9a93123a7a36690b,,,,6736812d9a93123a7a36690b,1000,0,true,29,2024-11-22T15:28:49.829Z,0,"Whole grains, vitamin B, calcium, iron, and fiber."
6740a3ba712420f2c8862cb8,[Mua 1 Tặng 1 - Ngũ Cốc Ăn Sáng Vị Ngẫu Nhiên 150gr] Ngũ cốc ăn sáng MILO (Hộp 300g),"Ngũ cốc ăn sáng Nestlé Milo vị ca cao lúa mạch, hình viên, là sản phẩm ngũ cốc ăn liền, dùng kèm với sữa cho bữa sáng giàu dinh dưỡng với thành phần chủ yếu từ ngũ cốc nguyên cám cung cấp 5 vitamin nhóm B, canxi, chất xơ và chất sắt giúp bé có thêm năng lượng để hăng say học tốt mỗi ngày và tăng cường hệ miễn dịch. Mỗi khẩu phần ngũ cốc Nestlé Milo cung cấp 19% nhu cầu ngũ cốc nguyên cám khuyến nghị hàng ngày. Dùng 1 khẩu phần ngũ cốc Nestlé Milo với 125ml sữa tươi và 1 trái cây như táo đem lại bữa sáng tiện lợi, giàu dinh dưỡng. Theo nghiên cứu, chỉ có 1 trên 10 trẻ em đang có chế độ dinh dưỡng đủ nguyên cám hàng ngày* (theo nghiên cứu của Hiệp Hội Dinh dưỡng Malaysia trên 5,165 trẻ em tiểu học và 2,947 trẻ em trung học cơ sở). Chế độ ăn đầy đủ dinh dưỡng từ nguyên cám với 2-3 khẩu phần mỗi ngày sẽ giúp bổ sung năng lượng cho bé hăng say học tốt mỗi ngày.",https://res.cloudinary.com/dk0hrho2u/image/upload/v1732289452/1732289449435_5de74b7706bd712ff7a14ed12778b9ff.png.webp,,,,,,Nestlé NBC Box,98000,126000,Ngũ cốc & Yến mạch,6736812d9a93123a7a36690b,,,,6736812d9a93123a7a36690b,100,0,true,22,2024-11-22T15:31:06.605Z,0,"Whole grains, vitamin B, calcium, iron, and fiber."
6740a64a712420f2c8862cd2,Bột ngũ cốc Damtuh Hàn Quốc 900g hộp 50 gói-PP,"Hạnh nhân (hàng Mỹ sản xuất) 4%, óc chó (hàng Mỹ sản xuất) 3%, Ý dĩ 1%, đường tinh luyện, gạo xát, thành phần gia công từ bơ lạc, mạch nha, dầu cọ, muối tinh, đậu nành, hạt bí, chất chống oxy hóa (322i), casein",https://res.cloudinary.com/dk0hrho2u/image/upload/v1732290119/1732290116500_1fd4d9555b290a2e19dd13ae36891447.jpg.webp,https://res.cloudinary.com/dk0hrho2u/image/upload/v1732290120/1732290116505_27b97ab1866c1460e2e52b4fa5da76b5.jpg.webp,,,,,Damtuh,252000,327000,Ngũ cốc & Yến mạch,6736812d9a93123a7a36690b,,,,6736812d9a93123a7a36690b,100,0,true,30,2024-11-22T15:42:02.211Z,0,"Almonds, Walnuts, Job's tears, refined sugar, polished rice, processed ingredients from peanut butter, malt, palm oil, refined salt, soybeans, pumpkin seeds, antioxidants, casein."
6740a6e4712420f2c8862ce7,Ngũ Cốc Hoa Quả CALBEE Ăn Liền Tiện Lợi,"Ngũ cốc Calbee Nhật Bản 800g là sản phẩm mang nhiều công dụng tuyệt vời. Sản phẩm được sản xuất từ các loại hạt dinh dưỡng, ngũ cốc, hoa quả sấy khô mang lại nhiều lợi ích cho người sử dụng. Sản phẩm có thể phù hợp nhiều đối tượng khác nhau như người già, trẻ nhỏ, người trưởng thành thậm chí cả người đang trong chế độ ăn kiêng giảm cân.",https://res.cloudinary.com/dk0hrho2u/image/upload/v1732290265/1732290262172_158abd78ddc6c4c1896a17aa4987d673.png.webp,https://res.cloudinary.com/dk0hrho2u/image/upload/v1732290272/1732290269438_9c6a663a900dc43ed0081bb10c90eab2.jpg.webp,https://res.cloudinary.com/dk0hrho2u/image/upload/v1732290273/1732290269439_f63dd95b28e3e11733cae376d9b0e1a4.jpg.webp,https://res.cloudinary.com/dk0hrho2u/image/upload/v1732290274/1732290269440_557a61cb30896333ace0005a0c89bb75.jpg.webp,,,CALBEE ,129000,175000,Ngũ cốc & Yến mạch,6736812d9a93123a7a36690b,,,,6736812d9a93123a7a36690b,100,0,true,35,2024-11-22T15:44:36.009Z,0,"Oats, rye flour, sugar, dried fruits (papaya, raisins, apple, strawberry), wheat flour, coconut, maltodextrin, vegetable oil, rice flour, soluble fiber, corn flour, pumpkin seeds, almonds, salt, wheat bran, brown rice flour/glycerin, modified starch, sodium citrate iron, emulsifiers, acidulants, antioxidants (vitamin E, rosemary extract), niacin, calcium pantothenate, milk-derived casein sodium, vitamin A, vitamin B6, vitamin B1, folic acid, vitamin D, vitamin B12."
6740a7b2712420f2c8862d05,BỘT GẠO LƯT YẾN MẠCH NGŨ CỐC (600G) lượng đường thấp hữu cơ tự nhiên,"1. Cung cấp năng lượng: Gạo lứt yến mạch ngũ cốc chứa nhiều carbohydrate và protein, giúp cung cấp năng lượng cho cơ thể.\n\ngiảm cân: Do chứa nhiều chất xơ và ít đường, gạo lứt yến mạch ngũ cốc có thể giúp kiểm soát cảm giác no và hỗ trợ quá trình giảm cân.\n\n3. Tăng cường sức khỏe tim mạch: Yến mạch là nguồn axit béo omega-3 tốt cho tim mạch, có thể giúp giảm cholesterol và huyết áp.\n\n4. Hỗ trợ tiêu hóa: Chất xơ trong gạo lứt yến mạch ngũ cốc có thể hỗ trợ tiêu hóa và ngăn chặn táo bón.\n\n5. Bổ sung dưỡng chất: Gạo lứt yến mạch ngũ cốc chứa nhiều vitamin, khoáng chất và chất chống oxy hóa, giúp bổ sung dưỡng chất cho cơ thể.\n\n6. Hỗ trợ sức khỏe tâm lý: Yến mạch có thể giúp ổn định đường hu",https://res.cloudinary.com/dk0hrho2u/image/upload/v1732290480/1732290477301_56fa2c98d8c199209a713a2399ec34ac.jpg.webp,https://res.cloudinary.com/dk0hrho2u/image/upload/v1732290481/1732290477302_ef5c786bc0c9a670e420aa4f198b4469.jpg.webp,,,,,AnAnfood,160000,192000,Ngũ cốc & Yến mạch,6736812d9a93123a7a36690b,,,,6736812d9a93123a7a36690b,100,0,true,20,2024-11-22T15:48:02.330Z,0,"Brown rice, oats, cereals"
6740a84b712420f2c8862d17,Sữa hạt dinh dưỡng Nucare dành cho người tiểu đường Wellife ,Sữa dành cho người tiểu đường Nucare Glucose Plan là 1 dòng sản phẩm cao cấp dành cho người bị tiểu đường. Sản phẩm có hương vị ngon hơn hẳn các sản phẩm truyền thống dành cho bệnh nhân tiểu đường hiện có trên thị trường. Sữa Nucare Glucose Plan giúp tăng cường các thành phần giúp kiểm soát lượng đường trong máu sau bữa ăn giúp cung cấp dinh dưỡng 1 cách cân bằng nhất cho người bệnh.,https://res.cloudinary.com/dk0hrho2u/image/upload/v1732290628/1732290624990_416c0d3d4939594631e61f6396c2592f.png.webp,https://res.cloudinary.com/dk0hrho2u/image/upload/v1732290629/1732290624992_d8ec7c3dfec2ab21d42fa5250685724f.jpg.webp,,,,,Daesang Wellife,80000,108000,Sữa dinh dưỡng,673680ce9a93123a7a3668f6,,,,673680ce9a93123a7a3668f6,100,0,true,35,2024-11-22T15:50:35.106Z,0,
6740a973712420f2c8862d48,Sữa Dinh Dưỡng Protein Giảm Cân Không Đường Ujuwon AiO Meal Shake hương Vani dịu nhẹ (10 gói/hộp),"Sữa Dinh Dưỡng Protein Giảm Cân Không Đường Ujuwon AiO Meal Shake hương Vani dịu nhẹ (10 gói/hộp) Là một loại sữa thay thế bữa ăn có hương vị tuyệt vời với đầy đủ các chất dinh dưỡng kèm với đó là các lợi ích tăng cường sức khỏe. Là sự kết hợp của dầu MCT và Konjac. Giàu chất dinh dưỡng, ít calo và nhiều chất xơ. Cách tuyệt vời để giảm cân với cảm giác no lên đến 5 giờ, không còn cảm giác đói, chỉ với 98 Calo mỗi lần!",https://res.cloudinary.com/dk0hrho2u/image/upload/v1732290905/1732290902528_95ce50931a82a1f14fb1f9bad5de082d.jpeg.webp,https://res.cloudinary.com/dk0hrho2u/image/upload/v1732290911/1732290909340_f33c5a3d09c2ae2c50b81310d6d5294c.jpg.webp,https://res.cloudinary.com/dk0hrho2u/image/upload/v1732290912/1732290909340_6a028617c0cb908ba04f4359aadebd21.jpg.webp,https://res.cloudinary.com/dk0hrho2u/image/upload/v1732290913/1732290909341_9cf8f34193a7e883b611daa83b78f9fe.jpg.webp,https://res.cloudinary.com/dk0hrho2u/image/upload/v1732290914/1732290909341_c0c06cb9b5b282d1deac2e24942accf7.jpg.webp,,Ujuwon ,911000,1138000,Sữa dinh dưỡng,673680ce9a93123a7a3668f6,,,,673680ce9a93123a7a3668f6,100,0,true,25,2024-11-22T15:55:31.956Z,0,"Vanilla powder, isomer, brown rice flour, defatted soy protein, multivitamins (Vitamin A, Vitamin D3, Vitamin E acetate, D-Biotin, D-Calcium Pantothenate, Folic Acid, Niacin, Pyridoxine HCI, Thiamine HCI, Vitamin B12, Vitamin B2, and Vitamin C), multiminers (Calcium (as Calcium carbonate), Chromium (as Chromium Chloride), Copper (as Copper Sulfate), Iodine (as Potassium Iodide), Iron (as Ferric Pyrophosphate), Magnesium (as Magnesium Oxide), Molybdenum (as Sodium Molybdate), Potassium (as Potassium Chloride), Selenium (as Sodium Selenite), Sodium (as Sodium Chloride), Zinc (as Zinc Sulfate), Multigrain (Barley, Quinoa, Millet, Oats), Multiseed (Black soybeans, Corn, Green beans, Red beans), DigeZyme (Amylase, Neutral Protease, Cellulase, Lactase, Lipase), Skim milk powder, Medium Chain Triglyceride oil powder, Konjac Gum, Soybean and Promitor (Corn Fiber – 0.01g/pack)."
6740aa4d712420f2c8862d63,"Sữa hạt dinh dưỡng Glu Organi, Bổ Sung Canxi, Ngừa Thoái Hóa, Tăng Đề Kháng Japa Kids chính hãng 400g","Bao gồm nhiều loại hạt và mầm: Sữa bột,Sữa non, hạt mắc, hạt điều, hạt óc chó, hạnh nhân, diêm mạch, tảo xoắn, mè đen, mè trắng, hạt sen, kê nếp, hạt chia, yến mạch, gạo nứt huyết rồng, đậu nành, đậu đen, đậu xanh, đậu đỏ,đậu ngự, đậu Hà Lan, đậu gà, đậu trắng chất xơ Oligomate-55NP,  Can xi, Vitamin A, Vitamin D3. Vitamin B1. Vitamin B2...Bột yén sào. Bột óc chó. Vị ngọt tự nhiên.",https://res.cloudinary.com/dk0hrho2u/image/upload/v1732291137/1732291133866_vn-11134207-7r98o-lwsbx7ua9kgrdb.webp,https://res.cloudinary.com/dk0hrho2u/image/upload/v1732291145/1732291141214_vn-11134207-7r98o-lwsbx7uaaz17b2.webp,https://res.cloudinary.com/dk0hrho2u/image/upload/v1732291149/1732291147645_vn-11134207-7r98o-lwsbx7uaglaz88.webp,,,,Japa kids,285000,365000,Sữa dinh dưỡng,673680ce9a93123a7a3668f6,,,,673680ce9a93123a7a3668f6,100,0,true,28,2024-11-22T15:59:09.947Z,0,"Milk powder, colostrum, macadamia nuts, cashew nuts, walnuts, almonds, quinoa, spirulina, black sesame, white sesame, lotus seeds, glutinous millet, chia seeds, oats, blood dragon rice, soybeans, black beans, green beans, red beans, mung beans, peas, chickpeas, white beans, Oligomate-55NP fiber, Calcium, Vitamin A, Vitamin D3, Vitamin B1, Vitamin B2, Yến Sào powder, walnut powder."
6740ab08712420f2c8862d77,Sữa dinh dưỡng Goldlay Dinh dưỡng 900g dành cho mọi lứa tuổi,"Sữa bột GoldLay Dinh Dưỡng giúp bổ sung các dưỡng chất cần thiết cho cơ thể, cung cấp các vitamin và khoáng chất giúp cơ thể khỏe mạnh, thích hợp cho mọi lứa tuổi.\nGoldlay Dinh dưỡng bổ sung các vitamin, đặc biệt là vitamin B1 hỗ trợ chuyển hóa Glucid, giúp cơ thể phát triển một cách toàn diện.\nThích hợp cho người từ 1 tuổi trở lên. Nguyên liệu nhập khẩu từ New Zealand. ",https://res.cloudinary.com/dk0hrho2u/image/upload/v1732291333/1732291330334_vn-11134207-7r98o-lxso8b0ozftl9b.webp,https://res.cloudinary.com/dk0hrho2u/image/upload/v1732291334/1732291330335_vn-11134207-7r98o-lxso8b0ozfmjc9.webp,,,,, Gold Lay,165000,20000,Sữa dinh dưỡng,673680ce9a93123a7a3668f6,,,,673680ce9a93123a7a3668f6,100,0,true,18,2024-11-22T16:02:16.693Z,0,"Vitamin A, vitamin C, vitamin D3, vitamin B1, vitamin B2, calcium, phosphorus, potassium, zinc, magnesium, phosphorus), fiber"
6740abc3712420f2c8862d89,Sữa bột Ensure Gold Abbott hương vani 800g/ 850g,"Tinh bột bắp thủy phân, Dầu thực vật (dầu hướng dương giàu oleic, dầu đậu nành, dầu hạt cải), sucrose, natri caseinat, đạm đậu nành tinh chế, oligofructose, đạm whey cô đặc, khoáng chất (kali citrat, tricanxi phosphat, magiê sulfat, magiê clorid, kali clorid, natri citrat, dikali phosphat, natri clorid, canxi carbonat, dimagiê phosphat, kali hydroxid, sắt sulfat, kẽm sulfat, mangan sulfat, đồng sulfat, crôm clorid, kali iodid, natri molybdat, natri selenat), canxi β-hydroxy-β-methylbutyrat monohydrat (CaHMB), hương liệu vani tổng hợp, Beta Glucan từ nấm men (YBG), Vitamin (acid ascorbic, ascorbyl palmitat, vitamin E, hỗn hợp tocopherol, canxi pantothenat, niacinamid, pyridoxin hydroclorid, riboflavin, thiamin hydroclorid, vitamin A palmitat, acid folic, beta caroten, phylloquinon, biotin, vitamin D3, cyanocobalamin), cholin clorid, taurin, L-carnitin.",https://res.cloudinary.com/dk0hrho2u/image/upload/v1732291519/1732291516250_vn-11134207-7r98o-lv1a4m48mjdm8a.webp,https://res.cloudinary.com/dk0hrho2u/image/upload/v1732291520/1732291516251_vn-11134207-7r98o-lv1a4m48gx3u07.webp,https://res.cloudinary.com/dk0hrho2u/image/upload/v1732291521/1732291516252_vn-11134207-7r98o-lv1a4m48iboa4e.webp,,,, Ensure,922000,1304000,Sữa dinh dưỡng,673680ce9a93123a7a3668f6,,,,673680ce9a93123a7a3668f6,100,0,true,29,2024-11-22T16:05:23.398Z,0,"Hydrolyzed corn starch, vegetable oils (high oleic sunflower oil, soybean oil, canola oil), sucrose, sodium caseinate, refined soybean protein, oligofructose, concentrated whey protein, minerals (potassium citrate, tricalcium phosphate, magnesium sulfate, magnesium chloride, potassium chloride, sodium citrate, dipotassium phosphate, sodium chloride, calcium carbonate, dimagnesium phosphate, potassium hydroxide, ferrous sulfate, zinc sulfate, manganese sulfate, copper sulfate, chromium chloride, potassium iodide, sodium molybdate, sodium selenate), calcium β-hydroxy-β-methylbutyrate monohydrate (CaHMB), synthetic vanilla flavor, Beta Glucan from yeast (YBG), Vitamins (ascorbic acid, ascorbyl palmitate, Vitamin E, tocopherol blend, calcium pantothenate, niacinamide, pyridoxine hydrochloride, riboflavin, thiamine hydrochloride, vitamin A palmitate, folic acid, beta carotene, phylloquinone, biotin, vitamin D3, cyanocobalamin), choline chloride, taurine, L-carnitine."
6740acae712420f2c8862daa,Hạt Dinh Dưỡng Dành Cho Người Ăn Eatclean Ăn Vặt Giảm Cân Mix 5 Loại Hạt,"- Mixnuts gồm 5 loại hạt dinh dưỡng đặc biệt thích hợp cho các bà bầu: Óc Chó Mỹ, Hạnh Nhân Mỹ, Macca Úc, Hạt Điều Bình Phước, Nho Khô Trung Đông Uzbekistan\n- Các loại hạt và quả đã được chế biếncẩn thận: loại bỏ vỏ, sấy khô tự nhiên và đóng gói trong hũ thuỷ tinh với nắp thiếc khít kín.",https://res.cloudinary.com/dk0hrho2u/image/upload/v1732291754/1732291751692_vn-11134207-7qukw-ljqrh7hi4ddgd9.webp,https://res.cloudinary.com/dk0hrho2u/image/upload/v1732291755/1732291751693_vn-11134207-7qukw-ljqrh7hi5rxw7b.webp,https://res.cloudinary.com/dk0hrho2u/image/upload/v1732291756/1732291751694_vn-11134207-7qukw-ljqrh7hi8l2s8b.webp,,,,Nhà Đậu,164000,264000,Hạt dinh dưỡng & Quả sấy,673682e59a93123a7a366942,,,,673682e59a93123a7a366942,100,0,true,16,2024-11-22T16:09:18.789Z,0,"Cashew nuts, walnut, almond"
6740ad58712420f2c8862dbc,Trái Cây Sấy Lạnh Hũ Mix 5 Loại Quả Nhập Khẩu Không Đường Ăn Vặt Giảm Cân,"- Các loại quả mọng sấy là nguồn giàu sắt, kẽm, magie, kali và canxi, hỗ trợ Mẹ ngăn ngừa thiếu máu và phù nề. Đồng thời, giúp thai nhi phát triển xương và răng mạnh khỏe.\n- Nho Đen và Dâu Tây sấy chứa chất chống oxy hóa cao, bảo vệ tế bào cơ thể khỏi gốc tự do độc hại. Hợp chất Proanthocyanidin trong Nam Việt Quất giúp tăng cường hệ miễn dịch cho Mẹ.\n- Nho Đen, Mơ Tây và Chà Là cung cấp Folate (Axit folic) và DHA, quan trọng cho sự phát triển của hệ thống thần kinh ống dẫn và não bộ của thai nhi.\n- Dâu Tây giúp kiểm soát cholesterol xấu, trong khi Mơ Tây ổn định đường huyết, giúp duy trì hệ tim mạch và ngăn ngừa tăng huyết áp, tiểu đường thai kỳ.\n- Các loại quả mọng chứa chất xơ cao, đặc biệt là Nho Đen, Nam Việt Quất, Chà Là, giúp cải thiện tiêu hóa, ngăn táo bón cho Mẹ.\n- Với những Mẹ đang gặp tình trạng ốm nghén, Mixfruits với hương vị chua ngọt tự nhiên giúp giảm buồn nôn. Magie và kali trong Mixfruits hỗ trợ giảm triệu chứng ốm nghén.\n- Cung cấp Vitamin K và glucose tốt, tăng cường năng lượng, giảm cảm giác chóng mặt và mệt mỏi.\n",https://res.cloudinary.com/dk0hrho2u/image/upload/v1732291925/1732291922642_vn-11134207-7qukw-ljqprvjp3et0e7.webp,https://res.cloudinary.com/dk0hrho2u/image/upload/v1732291926/1732291922643_vn-11134207-7qukw-ljqprvjp208kb5.webp,https://res.cloudinary.com/dk0hrho2u/image/upload/v1732291927/1732291922644_vn-11134207-7qukw-ljqprvjp4tdg11.webp,,,,Nhà Đậu,144000,172000,Hạt dinh dưỡng & Quả sấy,673682e59a93123a7a366942,,,,673682e59a93123a7a366942,100,0,true,20,2024-11-22T16:12:08.870Z,0,"Iron, zinc, magnesium, potassium, calcium, black grapes, cranberries, strawberries, apricots, dates."
6740adf0712420f2c8862dce,"[100 Gói] Hạt Dinh Dưỡng Tẩm Vị Cam Nguyên (Kam Yuens) Mix Các Vị,","- Thành phần tự nhiên: 100% nguyên liệu tự nhiên, không chất bảo quản, an toàn cho sức khỏe\n\n- Giàu dinh dưỡng: Cung cấp protein, chất xơ, vitamin và khoáng chất thiết yếu\n\n- Tiện lợi: Gói nhỏ gọn, dễ dàng mang theo mọi lúc mọi nơi\n\n- Đa dạng: Nhiều loại hạt và trái cây sấy khô cho bạn lựa chọn\n\n- Phù hợp cho mọi lứa tuổi: Trẻ em, người lớn, người già, phụ nữ mang thai, người tập gym,...",https://res.cloudinary.com/dk0hrho2u/image/upload/v1732292074/1732292070981_vn-11134207-7r98o-ltkux3yvegi51d.webp,https://res.cloudinary.com/dk0hrho2u/image/upload/v1732292075/1732292070982_vn-11134207-7r98o-ltkux3yurzf122.webp,https://res.cloudinary.com/dk0hrho2u/image/upload/v1732292076/1732292070983_vn-11134207-7r98o-ltkux3yurz7ua5.webp,https://res.cloudinary.com/dk0hrho2u/image/upload/v1732292077/1732292070983_vn-11134207-7r98o-ltkux3yv7fnxd1.webp,https://res.cloudinary.com/dk0hrho2u/image/upload/v1732292078/1732292070984_vn-11134207-7r98o-ltkux3yvmvwt11.webp,https://res.cloudinary.com/dk0hrho2u/image/upload/v1732292079/1732292070985_vn-11134207-7r98o-ltkux3yv8u8dd5.webp, Phúc Thịnh Food,472000,630000,Hạt dinh dưỡng & Quả sấy,673682e59a93123a7a366942,,,,673682e59a93123a7a366942,100,0,true,25,2024-11-22T16:14:40.563Z,0,Vitamin
6740ae92712420f2c8862de0,Trái Cây Sấy Thập Cẩm Không Đường We'natur 100g,"Từ những trái cây tươi ngon nhất được kiểm soát kỹ lưỡng tại vùng trồng trọt an toàn cho đến quy trình sản xuất khép kín luôn đảm bảo tính nghiêm ngặt cao. Do đó sản phẩm Trái cây sấy  we’natur vẫn giữ nguyên hương vị tự nhiên, thơm ngon, giòn ngọt & an toàn nhất. Đặc biệt sau quá trình sấy, lượng nước dư thừa trong trái cây được loại bỏ hoàn toàn, các dưỡng chất được cô đọng lại đặc biệt vitamin, chât xơ trong trái cây sấy thường cao gấp 3-4 lần so với trái tươi. Do vậy nếu bạn không có thời gian hoặc ngại sơ chế các món trái cây tươi, bạn có thể thay thế bằng cách sử dụng các loại trái cây sấy để bổ sung vitamin cần thiết cho cơ thể.",https://res.cloudinary.com/dk0hrho2u/image/upload/v1732292240/1732292237079_vn-11134207-7r98o-lua5el9tcx0f64.webp,https://res.cloudinary.com/dk0hrho2u/image/upload/v1732292241/1732292237080_vn-11134207-7r98o-lua5el9tebkv1a.webp,,,,, we'natur,34000,37000,Hạt dinh dưỡng & Quả sấy,673682e59a93123a7a366942,,,,673682e59a93123a7a366942,100,0,true,8,2024-11-22T16:17:22.185Z,0,"Banana, purple sweet potato, jackfruit, yellow sweet potato, taro, vegetable oil"
6740af6a712420f2c8862df2,Trái cây sấy sấy giòn xuất khẩu đồ ăn vặt không đường BBTH,"- Gross weight (Trọng lượng bao gồm bao bì): 100g, \n- Thành phần: 98% Trái cây sấy, 2% dầu thực vật\n\n- Sản phẩm đảm bảo an toàn vệ sinh thực phẩm, có công bố chất lượng sơ sở đủ điều kiện sản xuất và xuất khẩu.\n\n- Sản phẩm giòn xốp, cung cấp dinh dưỡng và chất xơ tốt cho tiêu hóa\n\n- Nguồn nguyên liệu sạch và tươi mới\n\n- Không đường không lo lão hóa, rất tốt cho sức khỏe, phù hợp ăn kiêng\n",https://res.cloudinary.com/dk0hrho2u/image/upload/v1732292451/1732292448040_vn-11134207-7r98o-ly3dwrlwyr2oa3.webp,https://res.cloudinary.com/dk0hrho2u/image/upload/v1732292452/1732292448040_vn-11134207-7r98o-ly3dwrlxbef784.webp,https://res.cloudinary.com/dk0hrho2u/image/upload/v1732292453/1732292448041_vn-11134207-7r98o-ly3dwrlwujdc2a.webp,https://res.cloudinary.com/dk0hrho2u/image/upload/v1732292454/1732292448041_vn-11134207-7r98o-ly3dwrlx05n40e.webp,https://res.cloudinary.com/dk0hrho2u/image/upload/v1732292455/1732292448041_vn-11134207-7r98o-ly3dwrlxfm4jd0.webp,https://res.cloudinary.com/dk0hrho2u/image/upload/v1732292456/1732292448041_vn-11134207-7r98o-ly3dwrlxe7k315.webp, Đông Phát Food,50000,75000,Hạt dinh dưỡng & Quả sấy,673682e59a93123a7a366942,,,,673682e59a93123a7a366942,100,0,true,50,2024-11-22T16:20:58.132Z,0,fruit
6740b01a712420f2c8862e0a,Viên uống hỗ trợ giảm và ổn định đường huyết DK Pharma DK Betics 120 viên,"Thành phần:\n\nMỗi viên nang Tiểu đường DK-Betics có chứa:\n• Cao Dây thìa canh (Extractum Gymnematis sylvestris): 150mg\n• Cao Dây thìa canh lá to (Extractum Gymnematis latifolii): 75mg\nPhụ liệu: Chất độn (Avicel 102, 460i), Chất chống đông vón (Talc, 553iii), Chất bảo quản (Nipagin, 218) vừa đủ 1 viên.\n\nCông dụng:\n\n• Viên tiểu đường DK-Betics hỗ trợ giảm đường huyết, hạn chế nguy cơ biến chứng của người đái tháo đường.",https://res.cloudinary.com/dk0hrho2u/image/upload/v1732292629/1732292625784_c4d7c58c64ae6465db9f13ad203a3b30.jpg.webp,,,,,,DK Pharma,350000,350000,Tiểu đường & Tim mạch,673684469a93123a7a3669b8,,,,673684469a93123a7a3669b8,100,0,true,0,2024-11-22T16:23:54.155Z,0,
6740b095712420f2c8862e1c,Viên Dây Thìa Canh Mekophar Giảm và ổn định ĐƯỜNG HUYẾT - Hộp 40 viên,"Người mắc bệnh đái tháo đường , người có đường huyết cao , người có nguy cơ mắc bệnh đái tháo đường , người bị rối loạn dung nạp glucose ( tiền đái tháo đường )",https://res.cloudinary.com/dk0hrho2u/image/upload/v1732292755/1732292751750_93131522e9515fe9d30b80c09627d5f4.jpg.webp,,,,,,Mekophar,243000,295000,Tiểu đường & Tim mạch,673684469a93123a7a3669b8,,,,673684469a93123a7a3669b8,100,0,true,21,2024-11-22T16:25:57.428Z,0,
6740b13e712420f2c8862e3b,Viên uống sáng da glutathione D-na Whitening Supplement (60 Viên),"Sạm, nám là nỗi lo của hầu hết tất cả phụ nữ. Đặc biệt trên 30 tuổi, làn da dần trở nên lão hoá và xuất hiện những vùng da sẫm màu. Việc bổ sung cho cơ thể những dưỡng chất giúp giảm thâm nám là thực sự cần thiết. Được bảo chứng từ tập đoàn Rohto Nhật Bản và đội ngũ bác sĩ da liễu, Viên uống sáng da glutathione D-na với cơ chế dưỡng trắng đặc biệt và các thành phần có dưỡng trắng da, làm mờ vết nám, ngừa lão hóa hiệu quả và an toàn cho cơ thể như: Glutathione; L-Cysteine & Vitamin E, L-Cystine, Hyaluronic Acid và Vitamin C... Đặc biệt, Viên uống sáng da glutathione D-na còn có tác dụng thải độc tố, tăng cường miễn dịch cho cơ thể.",https://res.cloudinary.com/dk0hrho2u/image/upload/v1732292924/1732292921629_3d2b1cbcd60e470267f94a0cc85af933.jpg.webp,https://res.cloudinary.com/dk0hrho2u/image/upload/v1732292925/1732292921629_dd5124fe8412a6538d83641a457ec543.jpg.webp,https://res.cloudinary.com/dk0hrho2u/image/upload/v1732292926/1732292921629_36cc9556629623d5f329b0b4865a31d5.jpg.webp,,,,D-na,818000,990000,Làm đẹp & Chống lão hóa,67368a959a93123a7a3669d8,,,,67368a959a93123a7a3669d8,100,0,true,17,2024-11-22T16:28:46.598Z,0,vitamin E
